CREATE DATABASE  IF NOT EXISTS `bd_lineablanca` /*!40100 DEFAULT CHARACTER SET utf8mb4 COLLATE utf8mb4_unicode_ci */ /*!80016 DEFAULT ENCRYPTION='N' */;
USE `bd_lineablanca`;
-- MySQL dump 10.13  Distrib 8.0.18, for Win64 (x86_64)
--
-- Host: 127.0.0.1    Database: bd_lineablanca
-- ------------------------------------------------------
-- Server version	8.0.18

/*!40101 SET @OLD_CHARACTER_SET_CLIENT=@@CHARACTER_SET_CLIENT */;
/*!40101 SET @OLD_CHARACTER_SET_RESULTS=@@CHARACTER_SET_RESULTS */;
/*!40101 SET @OLD_COLLATION_CONNECTION=@@COLLATION_CONNECTION */;
/*!50503 SET NAMES utf8 */;
/*!40103 SET @OLD_TIME_ZONE=@@TIME_ZONE */;
/*!40103 SET TIME_ZONE='+00:00' */;
/*!40014 SET @OLD_UNIQUE_CHECKS=@@UNIQUE_CHECKS, UNIQUE_CHECKS=0 */;
/*!40014 SET @OLD_FOREIGN_KEY_CHECKS=@@FOREIGN_KEY_CHECKS, FOREIGN_KEY_CHECKS=0 */;
/*!40101 SET @OLD_SQL_MODE=@@SQL_MODE, SQL_MODE='NO_AUTO_VALUE_ON_ZERO' */;
/*!40111 SET @OLD_SQL_NOTES=@@SQL_NOTES, SQL_NOTES=0 */;

--
-- Table structure for table `empresa`
--

DROP TABLE IF EXISTS `empresa`;
/*!40101 SET @saved_cs_client     = @@character_set_client */;
/*!50503 SET character_set_client = utf8mb4 */;
CREATE TABLE `empresa` (
  `idEmpresa` int(10) unsigned NOT NULL AUTO_INCREMENT,
  `provincia` varchar(45) COLLATE utf8mb4_unicode_ci DEFAULT NULL,
  `nombreEmpresa` varchar(120) COLLATE utf8mb4_unicode_ci DEFAULT NULL,
  `nombreTecnico` varchar(120) COLLATE utf8mb4_unicode_ci DEFAULT NULL,
  `especialidad` char(20) COLLATE utf8mb4_unicode_ci DEFAULT NULL,
  `direccion` varchar(120) COLLATE utf8mb4_unicode_ci DEFAULT NULL,
  `email` varchar(100) COLLATE utf8mb4_unicode_ci DEFAULT NULL,
  `web` varchar(200) COLLATE utf8mb4_unicode_ci DEFAULT NULL,
  `horario` varchar(120) COLLATE utf8mb4_unicode_ci DEFAULT NULL,
  `especificacion` varchar(1000) COLLATE utf8mb4_unicode_ci DEFAULT NULL,
  `contratado` char(2) COLLATE utf8mb4_unicode_ci DEFAULT NULL,
  `repetido` char(2) COLLATE utf8mb4_unicode_ci DEFAULT NULL,
  `webFound` varchar(200) COLLATE utf8mb4_unicode_ci DEFAULT NULL,
  `interesado` varchar(15) COLLATE utf8mb4_unicode_ci DEFAULT NULL,
  `comentario` varchar(1000) COLLATE utf8mb4_unicode_ci DEFAULT NULL,
  `creacion` datetime DEFAULT NULL,
  `ocultar` char(2) COLLATE utf8mb4_unicode_ci DEFAULT NULL,
  PRIMARY KEY (`idEmpresa`),
  UNIQUE KEY `ididempresa_UNIQUE` (`idEmpresa`)
) ENGINE=InnoDB AUTO_INCREMENT=162 DEFAULT CHARSET=utf8mb4 COLLATE=utf8mb4_unicode_ci;
/*!40101 SET character_set_client = @saved_cs_client */;

--
-- Dumping data for table `empresa`
--

LOCK TABLES `empresa` WRITE;
/*!40000 ALTER TABLE `empresa` DISABLE KEYS */;
INSERT INTO `empresa` VALUES (1,'ALMERIA','Servi OK','','Electrodomésticos','Avenida del Mediterráneo, 40, 04009, Almería','','http://serviok.es/?utm_campaign=paginasamarillas&utm_source=paginasamarillas&utm_medium=referral','','Reparaciones del hogar en Almería | Empresa multiservicio 24 horas','no','no','https://www.paginasamarillas.es/f/almeria/servi-ok_xUo6PXohUW.html','','','2020-01-13 19:44:29','no'),(2,'ALMERIA','Jbc Reparaciones','','Electrodomésticos','Avenida de Pablo Iglesias, 67, 04003, Almería','','http://www.jbcreparaciones.com/GENERICO?utm_campaign=paginasamarillas&utm_source=paginasamarillas&utm_medium=referral','','Reparaciones del hogar en Almería | Empresa multiservicio 24 horas','no','no','https://www.paginasamarillas.es/f/almeria/jbc-reparaciones_o4Y4UDo629.html','','','2020-01-13 19:44:29','no'),(3,'ALMERIA','Urgeservi','','Electrodomésticos','Calle España, 16, 04008, Almería','','https://urgeservi.com/?ref=600&utm_campaign=paginasamarillas&utm_source=paginasamarillas&utm_medium=referral','','Reparaciones del hogar en Almería | Empresa multiservicio 24 horas | Reparacion de electrodomestico a domicilio','no','no','https://www.paginasamarillas.es/f/almeria/urgeservi_ixvUAtb20q.html','','','2020-01-13 19:44:29','no'),(4,'ALMERIA','TONI MU&Ntilde;OZ','','Electrodomésticos','Calle Camaras, 24, 04003, Almería','','http://www.tonimunozservicios.com?utm_campaign=paginasamarillas&utm_source=paginasamarillas&utm_medium=referral','','Reparaciones del hogar: empresas multiservicios en Almería | Reparaciones del hogar en Almería | Empresa multiservicio 24 horas | Reparacion de electrodomestico a domicilio','no','no','https://www.paginasamarillas.es/f/almeria/toni-munoz_blN3TNWli7.html','','','2020-01-13 19:44:29','no'),(5,'ALMERIA','Pedro G&oacute;mez','','Electrodomésticos','Calle America, 72, 04007, Almería','','http://www.autonomopedrogomez.com?utm_campaign=paginasamarillas&utm_source=paginasamarillas&utm_medium=referral','','Servicios del hogar en Almería | Empresa multiservicio 24 horas | Reparacion de electrodomestico a domicilio','no','no','https://www.paginasamarillas.es/f/almeria/pedro-gomez_6yjamWNiA3.html','','','2020-01-13 19:44:29','no'),(6,'ALMERIA','R. R. REPARACIONES R&Aacute;PIDAS','','Electrodomésticos','Avenida Federico García Lorca, 20, 04004, Almería','','http://reparacionesrapidas24h.com/?utm_campaign=paginasamarillas&utm_source=paginasamarillas&utm_medium=referral','','Reparaciones del hogar en Almería | Empresa multiservicio 24 horas','no','no','https://www.paginasamarillas.es/f/almeria/r-r-reparaciones-rapidas_wXUUvs5jWD.html','','','2020-01-13 19:44:29','no'),(7,'ALMERIA','ASISTENCIA HOGAR 24H','','Electrodomésticos','Paseo de Almería, 38, 04001, Almería','','http://asistencia-hogar.com?utm_campaign=paginasamarillas&utm_source=paginasamarillas&utm_medium=referral','','Reparaciones del hogar en Almería | Empresa multiservicio 24 horas','no','no','https://www.paginasamarillas.es/f/almeria/asistencia-hogar-24h_sDVhbNa0UQ.html','','','2020-01-13 19:44:29','no'),(8,'ALMERIA','SOLUCIONAMOS Reparaciones Inmediatas','','Electrodomésticos','Avenida Federico García Lorca, 20, 04004, Almería','','http://solucionamos.es/GENERICO/index.html?utm_campaign=paginasamarillas&utm_source=paginasamarillas&utm_medium=referral','','Reparaciones del hogar en Almería | Empresa multiservicio 24 horas','no','no','https://www.paginasamarillas.es/f/almeria/solucionamos-reparaciones-inmediatas_o27eeB7gqH.html','','','2020-01-13 19:44:30','no'),(9,'ALMERIA','Reparaciones Inmediatas NCL','','Electrodomésticos','Avenida Federico García Lorca, 20, 04004, Almería','','http://reparacionesprofesionales.com/?utm_campaign=paginasamarillas&utm_source=paginasamarillas&utm_medium=referral','','Reparaciones del hogar en Almería | Empresa multiservicio 24 horas','no','no','https://www.paginasamarillas.es/f/almeria/reparaciones-inmediatas-ncl_up5TbwZv5E.html','','','2020-01-13 19:44:30','no'),(10,'ALMERIA','Yo Se Lo Arreglo','','Electrodomésticos','Calle González Garbín, 9, 04001, Almería','','http://yoseloarreglo.net?utm_campaign=paginasamarillas&utm_source=paginasamarillas&utm_medium=referral','','Reparaciones del hogar en Almería | Empresa multiservicio 24 horas | Reparacion de electrodomestico a domicilio','no','no','https://www.paginasamarillas.es/f/almeria/yo-se-lo-arreglo_2H3F8AHxdn.html','','','2020-01-13 19:44:30','no'),(11,'ALMERIA','FCN FUNCIONA REPARACIONES','','Electrodomésticos','Paseo de Almería, 38, 04001, Almería','','http://funcionareparaciones.com.es/reparaciones-del-hogar?utm_campaign=paginasamarillas&utm_source=paginasamarillas&utm_medium=referral','','Reparaciones del hogar en Almería | Empresa multiservicio 24 horas','no','no','https://www.paginasamarillas.es/f/almeria/fcn-funciona-reparaciones_g8mNFKvUww.html','','','2020-01-13 19:44:30','no'),(12,'ALMERIA','URGECLICK REPARACIONES','','Electrodomésticos','Avenida de Pablo Iglesias, 67, 04003, Almería','','http://urgeclick.es/?utm_campaign=paginasamarillas&utm_source=paginasamarillas&utm_medium=referral','','Reparaciones del hogar en Almería | Empresa multiservicio 24 horas','no','no','https://www.paginasamarillas.es/f/almeria/urgeclick-reparaciones_pkUEX8b1Tt.html','','','2020-01-13 19:44:30','no'),(13,'ALMERIA','Fr24h Servicios Del Hogar','','Electrodomésticos','Calle Altamira, 39, 41, 04005, Almería','','https://fr24h.com/?ref=600&utm_campaign=paginasamarillas&utm_source=paginasamarillas&utm_medium=referral','','Cerrajeros, cerrajerias y cerraduras en Almería | Empresa multiservicio 24 horas | Reparacion de electrodomestico a domicilio','no','no','https://www.paginasamarillas.es/f/almeria/fr24h-servicios-del-hogar_FAJsvkY3x9.html','','','2020-01-13 19:44:30','no'),(14,'ALMERIA','RDH REPARACIONES DEL HOGAR','','Electrodomésticos','Avenida del Mediterráneo, 40, 04009, Almería','','http://reparaciones-del-hogar.com/?utm_campaign=paginasamarillas&utm_source=paginasamarillas&utm_medium=referral','','Reparaciones del hogar en Almería | Empresa multiservicio 24 horas','no','no','https://www.paginasamarillas.es/f/almeria/rdh-reparaciones-del-hogar_jZG25tatUj.html','','','2020-01-13 19:44:30','no'),(15,'GRANADA','Climagran.net','','Electrodomésticos','Avenida Málaga, 17 , 18210, Peligros (GRANADA)','','http://www.climagran.net?utm_campaign=paginasamarillas&utm_source=paginasamarillas&utm_medium=referral','','Aire acondicionado: equipos e instalaciones en Peligros | Aire acondicionado en PeligrosEmpresa climatización y mantenimiento en Granada','no','no','https://www.paginasamarillas.es/f/peligros/climagran-net_224681189_000000001.html','','','2020-01-13 19:44:30','no'),(16,'ALMERIA','Servi-Altamira, S.L.','','Electrodomésticos','Calle Altamira, 55 BAJO, 04005, Almería','','https://es-es.facebook.com/ServiAltamiraSl','','Electrodomésticos: reparación en Almería | Electrodomésticos en AlmeríaÚnico servicio oficial Otsein,Cointra,Iberna,...','no','no','https://www.paginasamarillas.es/f/almeria/servi-altamira-s-l-_200427045_000000002.html','','','2020-01-13 19:44:30','no'),(17,'ALMERIA','Electroservis','','Electrodomésticos','Avenida de Roquetas, 8 JUNTO POLICIA LOCAL, 04740, Roquetas de Mar (ALMERIA)','','http://www.mastercadena.es?utm_campaign=paginasamarillas&utm_source=paginasamarillas&utm_medium=referral','','Electrodomésticos: reparación en Roquetas de Mar | Electrodomésticos en Roquetas de MarReparación electrodomésticos y Venta de repuestos','no','no','https://www.paginasamarillas.es/f/roquetas-de-mar/electroservis_220204622_000000002.html','','','2020-01-13 19:44:30','no'),(18,'ALMERIA','Jsp Electrodom&eacute;sticos','','Electrodomésticos','Calle Cuenca, 1, 04007, Almería','','','','Electrodomésticos: establecimientos en Almería | Electrodomésticos en AlmeríaServicio Técnico','no','no','https://www.paginasamarillas.es/f/almeria/jsp-electrodomesticos_204494710_000000002.html','','','2020-01-13 19:44:30','no'),(19,'ALMERIA','Electrodom&eacute;sticos Ferm&iacute;n','','Electrodomésticos','Calle Circunvalación Ulpiano Díaz, 6, - Plaza del Mercado Centro, 04001, Almería','','http://www.electrorepuestosfermin.com?utm_campaign=paginasamarillas&utm_source=paginasamarillas&utm_medium=referral','','Electrodomesticos: asistencia tecnica y reparacion en Almería | Electrodomesticos en Almería','no','no','https://www.paginasamarillas.es/f/almeria/electrodomesticos-fermin_006432595_000000001.html','','','2020-01-13 19:44:30','no'),(20,'ALMERIA','Panelfri','','Electrodomésticos','Calle La Merced, 21 , 04006, Almería','','','','Aire acondicionado: equipos e instalaciones en Almería | Aire acondicionado en AlmeríaClimatización, reparación y mantenimiento de equip','no','no','https://www.paginasamarillas.es/f/almeria/panelfri_145036679_000000002.html','','','2020-01-13 19:44:30','no'),(21,'ALMERIA','Asistec','','Electrodomésticos','Calle El Olivo, 1 , 04006, Almería','','http://asistec-almeria.com?utm_campaign=paginasamarillas&utm_source=paginasamarillas&utm_medium=referral','','Electrodomésticos, pequeños aparatos: reparación en Almería | Electrodomésticos, pequeños aparatos en AlmeríaServicio tecnico de electrodomesticos y aire acon.','no','no','https://www.paginasamarillas.es/f/almeria/asistec_220956270_000000002.html','','','2020-01-13 19:44:31','no'),(22,'ALMERIA','Rondasat 1959','','Electrodomésticos','Calle Dr. Barraquer, 7 BAJO, 04005, Almería','','','','Electrodomésticos: reparación en Almería | Electrodomésticos en Almería','no','no','https://www.paginasamarillas.es/f/almeria/rondasat-1959_165188285_000000001.html','','','2020-01-13 19:44:31','no'),(23,'ALMERIA','ELECTRODOM&Eacute;STICOS TERCERO','','Electrodomésticos','Francisco García Góngora, 22, 04006, Almería','','','','Electrodomesticos: reparacion en Almería | Electrodomesticos en Almería','no','no','https://www.paginasamarillas.es/f/almeria/electrodomesticos-tercero_019741529_000000003.html','','','2020-01-13 19:44:31','no'),(24,'ALMERIA','SERGIO EDUARDO RODRIGUEZ ARAG&Oacute;N','','Electrodomésticos','Gran Capitán, 27 CASA, 04003, Almería','','','','Electrodomesticos: reparacion en Almería | Electrodomesticos en Almería','no','no','https://www.paginasamarillas.es/f/almeria/sergio-eduardo-rodriguez-aragon_222906232_000000001.html','','','2020-01-13 19:44:31','no'),(25,'ALMERIA','Va El T&eacute;cnico','','Electrodomésticos','La Palma, 26, 04003, Almería','','http://www.vaeltecnico.com?utm_campaign=paginasamarillas&utm_source=paginasamarillas&utm_medium=referral','','Electrodomesticos: reparacion en Almería | Electrodomesticos en Almería','no','no','https://www.paginasamarillas.es/f/almeria/va-el-tecnico_223083189_000000001.html','','','2020-01-13 19:44:31','no'),(26,'ALMERIA','Almeria Reparaciones.Com','','Electrodomésticos','Paseo Almería, 1, 04001, Almería','','http://www.almeriareparaciones.com?utm_campaign=paginasamarillas&utm_source=paginasamarillas&utm_medium=referral','','Electrodomésticos: reparación en Almería | Electrodomésticos en AlmeríaServicio técnico 24 horas.','no','no','https://www.paginasamarillas.es/f/almeria/almeria-reparaciones-com_204989156_000000003.html','','','2020-01-13 19:44:31','no'),(27,'ALMERIA','Instalaciones Electricas Lozano','','Electrodomésticos','Regocijos, 19 BAJO(LOCAL), 04003, Almería','','','','Electricidad: talleres en Almería | Electricidad en Almería','no','no','https://www.paginasamarillas.es/f/almeria/instalaciones-electricas-lozano_009952805_000000002.html','','','2020-01-13 19:44:31','no'),(28,'ALMERIA','ELECTRONICA BARCO','','Electrodomésticos','Berenguel, 71-73 BAJO, 04004, Almería','','http://www.electronicabarco.com?utm_campaign=paginasamarillas&utm_source=paginasamarillas&utm_medium=referral','','Sonido tv y video: reparacion en Almería | Sonido tv y video en Almería','no','no','https://www.paginasamarillas.es/f/almeria/electronica-barco_020330445_000000001.html','','','2020-01-13 19:44:31','no'),(29,'ALMERIA','MARIA DEL MAR RAMOS LAZARO','','Electrodomésticos','Av. los Ángeles, 68 BAJO DCH, 04008, Almería','','','','Electrodomesticos: reparacion en Almería | Electrodomesticos en Almería','no','no','https://www.paginasamarillas.es/f/almeria/maria-del-mar-ramos-lazaro_204055446_000000001.html','','','2020-01-13 19:44:31','no'),(30,'ALMERIA','SERVICIOS YUNQUE','','Electrodomésticos','Antonio González Vizcaíno, 16 BAJO, 04006, Almería','','','','Electrodomesticos: reparacion en Almería | Electrodomesticos en Almería','no','no','https://www.paginasamarillas.es/f/almeria/servicios-yunque_219017860_000000001.html','','','2020-01-13 19:44:31','no'),(31,'ALMERIA','Sat Reparaciones','','Electrodomésticos','Calle González Garbín, 17, 04001, Almería','','','','Electrodomésticos: reparación en Almería | Electrodomésticos en Almería','no','no','https://www.paginasamarillas.es/f/almeria/sat-reparaciones_225709401_000000001.html','','','2020-01-13 19:44:31','no'),(32,'ALMERIA','JUAN MANUEL LLORCA SOL&Iacute;S','','Electrodomésticos','Turquesa, 73 BAJO, 04008, Almería','','http://www.reparaciondeelectrodomesticosalmeria.com?utm_campaign=paginasamarillas&utm_source=paginasamarillas&utm_medium=referral','','Electrodomesticos: reparacion en Almería | Electrodomesticos en Almería','no','no','https://www.paginasamarillas.es/f/almeria/juan-manuel-llorca-solis_006418248_000000001.html','','','2020-01-13 19:44:31','no'),(33,'ALMERIA','PUNTO AZUL','','Electrodomésticos','Guadarrama, 2, 04006, Almería','','','','Electrodomesticos: establecimientos en Almería | Electrodomesticos en Almería','no','no','https://www.paginasamarillas.es/f/almeria/punto-azul_223864612_000000001.html','','','2020-01-13 19:44:32','no'),(34,'ALMERIA','AGUILERA BLANES','','Electrodomésticos','Pedro Jover, 37 BJ, 04002, Almería','','','','Electrodomesticos: establecimientos en Almería | Electrodomesticos en Almería','no','no','https://www.paginasamarillas.es/f/almeria/aguilera-blanes_196793244_000000001.html','','','2020-01-13 19:44:32','no'),(35,'ALMERIA','SATELLA','','Electrodomésticos','Luzán, S/N, 04003, Almería','','','','Electrodomesticos: reparacion en Almería | Electrodomesticos en Almería','no','no','https://www.paginasamarillas.es/f/almeria/satella_219377066_000000001.html','','','2020-01-13 19:44:32','no'),(36,'ALMERIA','DANIEL V&Iacute;CTOR MARISCAL GARC&Iacute;A','','Electrodomésticos','Etna, 8 5º H, 04008, Almería','','http://www.reparacioneselectrodomesticos-almeria.com?utm_campaign=paginasamarillas&utm_source=paginasamarillas&utm_medium=referral','','Electricidad: instalaciones en Almería | Electricidad en Almería','no','no','https://www.paginasamarillas.es/f/almeria/daniel-victor-mariscal-garcia_200628410_000000001.html','','','2020-01-13 19:44:32','no'),(37,'ALMERIA','H.A.Gonzalez Reparaciones','','Electrodomésticos','Calle Mejorana, 27 BAJO, 04007, Almería','','http://www.reparacioneshag.es?utm_campaign=paginasamarillas&utm_source=paginasamarillas&utm_medium=referral','','Reformas en general en Almería | Reparacion 24 horas aire acondicionado | Pintura a domicilioFontanería, albañilería, electricidad.','no','no','https://www.paginasamarillas.es/f/almeria/h-a-gonzalez-reparaciones_198277071_000000001.html','','','2020-01-13 19:44:32','no'),(38,'ALMERIA','La - Fri - Ter','','Electrodomésticos','Avenida de Santa Isabel, 88, 04009, Almería','','http://www.lafriter.es?utm_campaign=paginasamarillas&utm_source=paginasamarillas&utm_medium=referral','','Electrodomésticos: recambios y accesorios en Almería | Electrodomésticos en Almería','no','no','https://www.paginasamarillas.es/f/almeria/la-fri-ter_019404672_000000001.html','','','2020-01-13 19:44:32','no'),(39,'GRANADA','Talleres y Suministros Peyma','','Electrodomésticos','Carretera Málaga, 189 , 18015, Granada','','http://www.tallerespeyma.es?utm_campaign=paginasamarillas&utm_source=paginasamarillas&utm_medium=referral','','Torneros mecánicos en GranadaMantenimiento y reparación de todo tipo de maquina','no','no','https://www.paginasamarillas.es/f/granada/talleres-y-suministros-peyma_012188553_000000001.html','','','2020-01-13 19:44:32','no'),(40,'ALMERIA','Electrificaciones Amg','','Electrodomésticos','Czda. Castro, 2 04006 ALMERIA (Almería)','','','','Instalaciones y reparaciones eléctricas.\r\nSistemas de seguridad, alarmas y contraincendios.\r\nTelecomunicaciones y Multiservicios.','no','no','https://www.vulka.es/empresa/electrificaciones-amg_1150562.html','','','2020-01-14 19:15:39','no'),(41,'ALMERIA','Servicio Tecnico Almeria Urgente','','Electrodomésticos','avd/  carlos III 387 04720 ROQUETAS DE MAR (Almería)','','http://www.almeriareparaciones.com','','reparacion electrodomesticos gama blanca','no','no','https://www.vulka.es/empresa/servicio-tecnico-almeria-urgente_1431338.html','','','2020-01-14 19:15:39','no'),(42,'ALMERIA','Servicio Tecnico De Electrodomésticos En Almería','','Electrodomésticos','Acanto, 5 04007 Almería (Almería)','','http://www.tecnicoreparacionalmeria.com/','','Reparación de electrodomésticos en Almería. Todo tipo de marcas.','no','no','https://www.vulka.es/empresa/servicio-tecnico-de-electrodomesticos-en-almeria_1448571.html','','','2020-01-14 19:15:39','no'),(43,'ALMERIA','Electrodomesticos Mave','','Electrodomésticos','EXPORTADORES Nº2 1-5 04110 CAMPOHERMOSO, NIJAR (Almería)','','http://www.almeriareparaciones.com','','-REPARACIONES DE ELECTRODOMESTICOS GAMA BLANCA, \r\n-REPARACION DE LAVADORAS, \r\n-REPARACION DE FRIGORIFICOS,\r\n- REPARACION DE LAVAVAJILLAS, \r\n-REPARACION DE SECADORAS,  \r\n-TODAS LAS MARCAS.\r\n- SERVICIO TECNICO,\r\n- REPARAMOS TODAS LAS MARCAS, \r\n6 MESES DE GARANTIA, EXCEPTO CRISTALES, PLASTICOS, GOMAS, CARGAS DE GAS.','no','no','https://www.vulka.es/empresa/electrodomesticos-mave_707381.html','','','2020-01-14 19:15:39','no'),(44,'ALMERIA','Teydi','','Electrodomésticos','Minero, 7 04001 ALMERIA (Almería)','','','','ELECTRODOMESTICOS: REPARACION  , MENAJE DEL HOGAR','no','no','https://www.vulka.es/empresa/teydi_707397.html','','','2020-01-14 19:15:39','no'),(45,'ALMERIA','Reparación De Electrodomesticos Dofermultiservicios','','Electrodomésticos','C/Almargen 8 04750 Dalías (Almería)','','http://reparacionesdofermultiservicios.es','','Reparacion de Electrodomesticos DOFERMultiservicios','no','no','https://www.vulka.es/empresa/reparacion-de-electrodomesticos-dofermultiservicios_1456581.html','','','2020-01-14 19:15:39','no'),(46,'ALMERIA','Electro Medina','','Electrodomésticos','Santa Cristina, 20 04700 EL EJIDO (Almería)','','','','Electrodomésticos, Asistencia técnica, Menaje del hogar en Almería.','no','no','https://www.vulka.es/empresa/electro-medina_707351.html','','','2020-01-14 19:15:39','no'),(47,'ALMERIA','Teydi Servi-grup','','Electrodomésticos','Corro, 19 04009 ALMERIA (Almería)','','','','Asistencia técnica, Menaje del hogar, Electrodomésticos en Almería.','no','no','https://www.vulka.es/empresa/teydi-servi-grup_707342.html','','','2020-01-14 19:15:39','no'),(48,'ALMERIA','Almesat','','Electrodomésticos','Santa Teresa, 10 04130 EL ALQUIAN, ALMERIA (Almería)','','','','Electrodomésticos, Reparación de electrodomésticos, Electricistas en Almería.','no','no','https://www.vulka.es/empresa/almesat_707385.html','','','2020-01-14 19:15:39','no'),(49,'ALMERIA','Ricardo Fioretti','','Electrodomésticos','Rueda López, 17 04004 ALMERIA (Almería)','','','','Electrodomésticos, Reparación eléctrica, Menaje del hogar, Saneamientos en Almería.','no','no','https://www.vulka.es/empresa/ricardo-fioretti_543950.html','','','2020-01-14 19:15:39','no'),(50,'ALMERIA','Raul Leal Amate','','Electrodomésticos','Juan Segura Murcia, 14 04009 ALMERIA (Almería)','','','','Refrigeración, Climatización, Aire acondicionado, Menaje del hogar en Almería.','no','no','https://www.vulka.es/empresa/raul-leal-amate_494584.html','','','2020-01-14 19:15:40','no'),(51,'ALMERIA','Electro - Opcion','','Electrodomésticos','Sol, 5 04769 ALCAUDIQUE, BERJA (Almería)','','','','Reparación de electrodomésticos, Electrodomésticos, Menaje del hogar en Almería.','no','no','https://www.vulka.es/empresa/electro-opcion_707382.html','','','2020-01-14 19:15:40','no'),(52,'ALMERIA','Servicio Tecnico Ponce S.l.','','Electrodomésticos','Tenis, 1 04630 GARRUCHA (Almería)','','','','Servicio técnico, Comunicaciones, Menaje del hogar en Almería.','no','no','https://www.vulka.es/empresa/servicio-tecnico-ponce-sl_707356.html','','','2020-01-14 19:15:40','no'),(53,'ALMERIA','Tecnialmería','','Electrodomésticos','Carretera Níjar-Los Molinos, 355 - bajo izda. 04007 ALMERIA (Almería)','','','','Servicio técnico de electrodomésticos.','no','no','https://www.vulka.es/empresa/tecnialmeria_706636.html','','','2020-01-14 19:15:40','no'),(54,'ALMERIA','Jose Arias Cantero','','Electrodomésticos','Azahar, 9-BIS 04006 ALMERIA (Almería)','','','','Electrodomésticos, Menaje del hogar, Reparación de electrodomésticos en Almería.','no','no','https://www.vulka.es/empresa/jose-arias-cantero_707394.html','','','2020-01-14 19:15:40','no'),(55,'ALMERIA','Electrodomesticos Juan Molina','','Electrodomésticos','Av. Andalucía, 6 04867 MACAEL (Almería)','','','','Audiovisuales, Reparación de electrodomésticos, Asistencia hogar en Almería.','no','no','https://www.vulka.es/empresa/electrodomesticos-juan-molina_707404.html','','','2020-01-14 19:15:40','no'),(56,'ALMERIA','Herboga','','Electrodomésticos','Firmamento, S/N 04009 ALMERIA (Almería)','','','','Reparación de electrodomésticos, Electrodomésticos, Menaje del hogar en Almería.','no','no','https://www.vulka.es/empresa/herboga_707387.html','','','2020-01-14 19:15:40','no'),(57,'URB. LADERA DEL GOLF','Reparaciones Palacios','','Electrodomésticos','Mesana (Urb. Ladera del Golf), 35 04711 ALMERIMAR, EL EJIDO (Almería)','','','','Electrodomésticos, Reparación de electrodomésticos, Asistencia técnica en Almería.','no','no','https://www.vulka.es/empresa/reparaciones-palacios_707343.html','','','2020-01-14 19:15:40','no'),(58,'ALMERIA','Miguel Jose Rodriguez Pelegrin S.l.','','Electrodomésticos','Convento, 27 04610 CUEVAS DEL ALMANZORA (Almería)','','','','Menaje del hogar, Reparación de electrodomésticos, Servicio técnico en Almería.','no','no','https://www.vulka.es/empresa/miguel-jose-rodriguez-pelegrin-sl_707339.html','','','2020-01-14 19:15:40','no'),(59,'ALMERIA','Francisco Casado Ruiz','','Electrodomésticos','Tirso de Molina, 9 04005 ALMERIA (Almería)','','','','Reparación de electrodomésticos, Servicio técnico, Menaje del hogar en Almería.','no','no','https://www.vulka.es/empresa/francisco-casado-ruiz_707352.html','','','2020-01-14 19:15:40','no'),(60,'ALMERIA','Asistencia Técnica Del Hogar','','Electrodomésticos','Calle Turquesa, 73 04008 ALMERIA (Almería)','','','','Reparación de electrodomésticos, electricidad, fontanería y cerrajería.','no','no','https://www.vulka.es/empresa/asistencia-tecnica-del-hogar_25116.html','','','2020-01-14 19:15:40','no'),(61,'ALMERIA','Comercial Reac','','Electrodomésticos','Ctra. Níjar, 237 04120 LA CAÑADA DE SAN URBANO, ALMERIA (Almería)','','','','Electrodomésticos, Menaje del hogar, Todo a 100 en Almería. Tienda de todo a cien en La Cañada de san Urbano, Almeria','no','no','https://www.vulka.es/empresa/comercial-reac_707406.html','','','2020-01-14 19:15:41','no'),(62,'ALMERIA','A. Asistencia Técnica Soluciones Del Hogar','','Electrodomésticos','C/ Doctor Carracido, 19 04005 ALMERIA (Almería)','','','','Asistencia técnica de electrodomésticos.','no','no','https://www.vulka.es/empresa/a-asistencia-tecnica-soluciones-del-hogar_95746.html','','','2020-01-14 19:15:41','no'),(63,'ALMERIA','R.l.a.','','Electrodomésticos','Patio Felipe Viciana, 14 - bajo 04006 ALMERIA (Almería)','','','','Manenimiento y reparación de electrodomésticos: instalaciones de climatización, figoríficos...','no','no','https://www.vulka.es/empresa/rla_440750.html','','','2020-01-14 19:15:41','no'),(64,'ALMERIA','Juan Angel Mendez Berenguel','','Electrodomésticos','Pl. Santa Isabel, 1 04009 ALMERIA (Almería)','','','','Reparación de electrodomésticos, Servicio técnico, Menaje del hogar en Almería.','no','no','https://www.vulka.es/empresa/juan-angel-mendez-berenguel_707355.html','','','2020-01-14 19:15:41','no'),(65,'ALMERIA','Ladislao Perea Cabello','','Electrodomésticos','La Goleta, 12 04711 ALMERIMAR, EL EJIDO (Almería)','','','','Reparación de electrodomésticos, Electrodomésticos, Menaje del hogar en Almería.','no','no','https://www.vulka.es/empresa/ladislao-perea-cabello_707383.html','','','2020-01-14 19:15:41','no'),(66,'ALMERIA','Jesus Palomo Barbero','','Electrodomésticos','Jacinto Benavente, 10 04700 EL EJIDO (Almería)','','','','Reparación de electrodomésticos, Menaje del hogar, Asistencia técnica en Almería.','no','no','https://www.vulka.es/empresa/jesus-palomo-barbero_707345.html','','','2020-01-14 19:15:41','no'),(67,'ALMERIA','Electro Yeste-velez C.b.','','Electrodomésticos','Dr. Martínez Oña, 2 04006 ALMERIA (Almería)','','','','Asistencia técnica, Electrodomésticos, Servicio técnico, Menaje del hogar en Almería.','no','no','https://www.vulka.es/empresa/electro-yeste-velez-cb_707350.html','','','2020-01-14 19:15:41','no'),(68,'ALMERIA','Toribio Reparaciones','','Electrodomésticos','Cervantes, 53 04700 EL EJIDO (Almería)','','','','Menaje del hogar, Servicio técnico, Reparación de electrodomésticos en Almería.','no','no','https://www.vulka.es/empresa/toribio-reparaciones_707361.html','','','2020-01-14 19:15:41','no'),(69,'ALMERIA','Electroadra','','Electrodomésticos','Guadix, 6 04770 ADRA (Almería)','','','','Electrodomésticos, Menaje del hogar, Reparación de electrodomésticos en Almería.','no','no','https://www.vulka.es/empresa/electroadra_707398.html','','','2020-01-14 19:15:41','no'),(70,'ALMERIA','Martinez Marquez S.l.','','Electrodomésticos','Natalio Rivas, 68 04770 ADRA (Almería)','','','','Electrodomésticos, Reparación de electrodomésticos, Menaje del hogar en Almería.','no','no','https://www.vulka.es/empresa/martinez-marquez-sl_707407.html','','','2020-01-14 19:15:41','no'),(71,'ALMERIA','Electronica Mabel C.b.','','Electrodomésticos','C.ª Perú, 99 04006 ALMERIA (Almería)','','','','Asistencia técnica, Menaje del hogar, Reparación de electrodomésticos en Almería.','no','no','https://www.vulka.es/empresa/electronica-mabel-cb_707354.html','','','2020-01-14 19:15:41','no'),(72,'POL. IND. SAN RAFAEL','Pedro Boga Sanchez','','Electrodomésticos','Límite (Pol. Ind. San Rafael), 1 04230 HUERCAL (Almería)','','','','Electrodomésticos, Reparación de electrodomésticos, Menaje del hogar en Almería.','no','no','https://www.vulka.es/empresa/pedro-boga-sanchez_707390.html','','','2020-01-14 19:15:41','no'),(73,'ALMERIA','Servicio Garcia','','Electrodomésticos','Madre Sacramento, 24-26 04008 ALMERIA (Almería)','','','','Reparación de electrodomésticos, Electrodomésticos, Menaje del hogar en Almería.','no','no','https://www.vulka.es/empresa/servicio-garcia_707384.html','','','2020-01-14 19:15:42','no'),(74,'ALMERIA','Servimugar S.l.','','Electrodomésticos','Jacinto Anglada, 42 04620 VERA (Almería)','','','','Menaje del hogar, Electrodomésticos, Repuestos electrodomésticos en Almería.','no','no','https://www.vulka.es/empresa/servimugar-sl_707386.html','','','2020-01-14 19:15:42','no'),(75,'ALMERIA','Jose Antonio Vicente Sanchez','','Electrodomésticos','Sierra Morena, 19 04009 ALMERIA (Almería)','','','','Reparación de electrodomésticos, Electrodomésticos, Menaje del hogar en Almería.','no','no','https://www.vulka.es/empresa/jose-antonio-vicente-sanchez_707341.html','','','2020-01-14 19:15:42','no'),(76,'ALMERIA','Expofrio','','Electrodomésticos','Ctra. Granada, 68 04009 ALMERIA (Almería)','','','','Reparación de electrodomésticos, Menaje del hogar, Electrodomésticos en Almería.','no','no','https://www.vulka.es/empresa/expofrio_707373.html','','','2020-01-14 19:15:42','no'),(77,'ALMERIA','Anasol Electrodomesticos','','Electrodomésticos','Canteras, 3 04867 MACAEL (Almería)','','','','Electrodomésticos, Reparación de electrodomésticos, Menaje del hogar en Almería.','no','no','https://www.vulka.es/empresa/anasol-electrodomesticos_707409.html','','','2020-01-14 19:15:42','no'),(78,'ALMERIA','Electro - Reyes','','Electrodomésticos','Calle Santa Cristina, 20 04700 EL EJIDO (Almería)','','','','Reparación de electrodomésticos.','no','no','https://www.vulka.es/empresa/electro-reyes_1267821.html','','','2020-01-14 19:15:42','no'),(79,'ALMERIA','Aces 66','','Electrodomésticos','Pérez Galdós, 22 04006 ALMERIA (Almería)','','','','Saneamientos, Menaje del hogar, Reparación eléctrica, Electricistas en Almería.','no','no','https://www.vulka.es/empresa/aces-66_543869.html','','','2020-01-14 19:15:42','no'),(80,'ALMERIA','Servicer Almeria','','Electrodomésticos','Lopán, 18 04008 ALMERIA (Almería)','','','','Menaje del hogar, Reparación de maquinaria, Maquinaria industrial en Almería.','no','no','https://www.vulka.es/empresa/servicer-almeria_707392.html','','','2020-01-14 19:15:42','no'),(81,'ALMERIA','Jose Manuel Lopez Lopez','','Electrodomésticos','Natalio Rivas, 15 04770 ADRA (Almería)','','','','Equipos de video, Reparación de televisión, Teléfonos móviles en Almería.','no','no','https://www.vulka.es/empresa/jose-manuel-lopez-lopez_707403.html','','','2020-01-14 19:15:42','no'),(82,'ALMERIA','Francisco Gutierrez Lopez','','Electrodomésticos','Padre Santaella, 5 04004 ALMERIA (Almería)','','','','Servicio técnico, Reparación de electrodomésticos, Menaje del hogar en Almería.','no','no','https://www.vulka.es/empresa/francisco-gutierrez-lopez_707349.html','','','2020-01-14 19:15:42','no'),(83,'ALMERIA','Antonio Olea Zurita','','Electrodomésticos','Rafael Alberti, 22 04004 ALMERIA (Almería)','','','','Asistencia técnica, Electrodomésticos, Servicio técnico, Menaje del hogar en Almería.','no','no','https://www.vulka.es/empresa/antonio-olea-zurita_707353.html','','','2020-01-14 19:15:42','no'),(84,'ALMERIA','Fermin Aznar Lozano','','Electrodomésticos','Minero, 6 04001 ALMERIA (Almería)','','','','Electrodomésticos, Servicio técnico, Reparación de electrodomésticos en Almería.','no','no','https://www.vulka.es/empresa/fermin-aznar-lozano_707338.html','','','2020-01-14 19:15:43','no'),(85,'ALMERIA','Mercedes Sánchez','','Electrodomésticos','Avenida Alhambra, 21 - bajo 04007 ALMERIA (Almería)','','','','Venta, instalación y reparación de aire acondicionado.','no','no','https://www.vulka.es/empresa/mercedes-sanchez_55827.html','','','2020-01-14 19:15:43','no'),(86,'ALMERIA','Servicio Tecnico Balay Air-Almeria-664836045','','Electrodomésticos','C/ Cañaveral 32, 04009, Almería, (Almeria)','','https://www.citiservi.es/','','Reparación de electrodoméstico','no','no','https://www.citiservi.es/almeria/servicio-tecnico-balay-air-almeria-664836045-almeria__10149220_24.html','','','2020-01-15 19:36:34','no'),(87,'ALMERIA','Vitrocerámicas reparación','','Electrodomésticos','Av. Nueva almería, 69, 04007, Almería, (Almeria)','','https://www.citiservi.es/','','Reparación de electrodoméstico','no','no','https://www.citiservi.es/almeria/vitroceramicas-reparacion-almeria__10560594_24.html','','','2020-01-15 19:36:34','no'),(88,'ALMERIA','Electrodomesticos verdejo s.l.','','Electrodomésticos','Carretera Malaga 66, 04002, Almería, (Almeria)','','https://www.citiservi.es/','','Reparación de electrodoméstico','no','no','https://www.citiservi.es/almeria/electrodomesticos-verdejo-almeria__901034_24.html','','','2020-01-15 19:36:34','no'),(89,'ALMERIA','Asistencia Técnica Electrodomésticos','','Electrodomésticos','Calle Desvio Distante 0, 04001, Almería, (Almeria)','','https://www.citiservi.es/','','Reparación de electrodoméstico','no','no','https://www.citiservi.es/almeria/asistencia-tecnica-electrodomesticos-almeria__2876191_24.html','','','2020-01-15 19:36:34','no'),(90,'ALMERIA','Reparaciones gamar s.l.l.','','Electrodomésticos','Camino Sismologica S/n, 04008, Almería, (Almeria)','','https://www.citiservi.es/','','Reparación de electrodoméstico','no','no','https://www.citiservi.es/almeria/reparaciones-gamar-s-l-l-almeria__858647_24.html','','','2020-01-15 19:36:35','no'),(91,'ALMERIA','Asistencia Técnica Servicio Técnico Averias y Reparación (Campo De Níjar 7)','','Electrodomésticos','Campo De Níjar 7, 04008, Almería, (Almeria)','','https://www.citiservi.es/','','Reparación de electrodoméstico','no','no','https://www.citiservi.es/almeria/asistencia-tecnica-servicio-tecnico-averias-y-reparacion-almeria__2876170_24.html','','','2020-01-15 19:36:35','no'),(92,'ALMERIA','25 horas reparaciones','','Electrodomésticos','Desvío distante, s/n, 04007, Almería, (Almeria)','','https://www.citiservi.es/','','Reparación de electrodoméstico','no','no','https://www.citiservi.es/almeria/25-horas-reparaciones-almeria__10391783_24.html','','','2020-01-15 19:36:35','no'),(93,'ALMERIA','Zanussi reparacion servicio tecnico','','Electrodomésticos','Abderramán, 1, 04002, Almería, (Almeria)','','https://www.citiservi.es/','','Reparación de electrodoméstico','no','no','https://www.citiservi.es/almeria/zanussi-reparacion-servicio-tecnico-almeria__10391788_24.html','','','2020-01-15 19:36:35','no'),(94,'ALMERIA','Carrier servicio tecnico reparacion recambios','','Electrodomésticos','Desvío distante, s/n, 04007, Almería, (Almeria)','','https://www.citiservi.es/','','Reparación de electrodoméstico','no','no','https://www.citiservi.es/almeria/carrier-servicio-tecnico-reparacion-recambios-almeria__10391790_24.html','','','2020-01-15 19:36:35','no'),(95,'ALMERIA','Sharp servicio tecnico reparacion recambios scp','','Electrodomésticos','Abderramán, 1, 04002, Almería, (Almeria)','','https://www.citiservi.es/','','Reparación de electrodoméstico','no','no','https://www.citiservi.es/almeria/sharp-servicio-tecnico-reparacion-recambios-scp-almeria__10391796_24.html','','','2020-01-15 19:39:59','no'),(96,'ALMERIA','Aeg reparacion servicio tecnico','','Electrodomésticos','Abderramán, 1, 04002, Almería, (Almeria)','','https://www.citiservi.es/','','Reparación de electrodoméstico','no','no','https://www.citiservi.es/almeria/aeg-reparacion-servicio-tecnico-almeria__10391797_24.html','','','2020-01-15 19:39:59','no'),(97,'ALMERIA','Hitachi servicio tecnico reparacion recambios scp','','Electrodomésticos','Desvío distante, s/n, 04007, Almería, (Almeria)','','https://www.citiservi.es/','','Reparación de electrodoméstico','no','no','https://www.citiservi.es/almeria/hitachi-servicio-tecnico-reparacion-recambios-scp-almeria__10391799_24.html','','','2020-01-15 19:39:59','no'),(98,'ALMERIA','Samsung servicio tecnico reparacion recambios scp','','Electrodomésticos','Desvío distante, s/n, 04007, Almería, (Almeria)','','https://www.citiservi.es/','','Reparación de electrodoméstico','no','no','https://www.citiservi.es/almeria/samsung-servicio-tecnico-reparacion-recambios-scp-almeria__10416809_24.html','','','2020-01-15 19:39:59','no'),(99,'ALMERIA','Instituto audiologico de almeria','','Electrodomésticos','Av. Federico garcía lorca, 50, 04005, Almería, (Almeria)','','https://www.citiservi.es/','','Reparación de electrodoméstico','no','no','https://www.citiservi.es/almeria/instituto-audiologico-almeria-almeria__10523862_24.html','','','2020-01-15 19:39:59','no'),(100,'ALMERIA','Edesa reparacion servicio tecnico','','Electrodomésticos','Abderramán, 1, 04002, Almería, (Almeria)','','https://www.citiservi.es/','','Reparación de electrodoméstico','no','no','https://www.citiservi.es/almeria/edesa-reparacion-servicio-tecnico-almeria__10523868_24.html','','','2020-01-15 19:39:59','no'),(101,'ALMERIA','Electrolux servicio tecnico reparacion recambios S.C.P.','','Electrodomésticos','Desvío distante, s/n, 04007, Almería, (Almeria)','','https://www.citiservi.es/','','Reparación de electrodoméstico','no','no','https://www.citiservi.es/almeria/electrolux-servicio-tecnico-reparacion-recambios-s-c-p-almeria__10523869_24.html','','','2020-01-15 19:39:59','no'),(102,'ALMERIA','Junkers reparacion servicio tecnico','','Electrodomésticos','Abderramán, 1, 04002, Almería, (Almeria)','','https://www.citiservi.es/','','Reparación de electrodoméstico','no','no','https://www.citiservi.es/almeria/junkers-reparacion-servicio-tecnico-almeria__10559112_24.html','','','2020-01-15 19:39:59','no'),(103,'ALMERIA','Vaillant reparacion servicio tecnico','','Electrodomésticos','Abderramán, 1, 04002, Almería, (Almeria)','','https://www.citiservi.es/','','Reparación de electrodoméstico','no','no','https://www.citiservi.es/almeria/vaillant-reparacion-servicio-tecnico-almeria__10559113_24.html','','','2020-01-15 19:39:59','no'),(104,'ALMERIA','Otsein reparacion servicio tecnico','','Electrodomésticos','Abderramán, 1, 04002, Almería, (Almeria)','','https://www.citiservi.es/','','Reparación de electrodoméstico','no','no','https://www.citiservi.es/almeria/otsein-reparacion-servicio-tecnico-almeria__10559114_24.html','','','2020-01-15 19:40:00','no'),(105,'ALMERIA','Cointra reparacion servicio tecnico','','Electrodomésticos','Abderramán, 1, 04002, Almería, (Almeria)','','https://www.citiservi.es/','','Reparación de electrodoméstico','no','no','https://www.citiservi.es/almeria/cointra-reparacion-servicio-tecnico-almeria__10559115_24.html','','','2020-01-15 19:40:00','no'),(106,'ALMERIA','Miele reparacion servicio tecnico','','Electrodomésticos','Abderramán, 1, 04002, Almería, (Almeria)','','https://www.citiservi.es/','','Reparación de electrodoméstico','no','no','https://www.citiservi.es/almeria/miele-reparacion-servicio-tecnico-almeria__10559118_24.html','','','2020-01-15 19:40:00','no'),(107,'ALMERIA','Cointra servicio tecnico reparacion recambios scp','','Electrodomésticos','Desvío distante, s/n, 04007, Almería, (Almeria)','','https://www.citiservi.es/','','Reparación de electrodoméstico','no','no','https://www.citiservi.es/almeria/cointra-servicio-tecnico-reparacion-recambios-scp-almeria__10559119_24.html','','','2020-01-15 19:40:00','no'),(108,'ALMERIA','Indesit servicio tecnico reparacion recambios scp','','Electrodomésticos','Desvío distante, s/n, 04007, Almería, (Almeria)','','https://www.citiservi.es/','','Reparación de electrodoméstico','no','no','https://www.citiservi.es/almeria/indesit-servicio-tecnico-reparacion-recambios-scp-almeria__10643843_24.html','','','2020-01-15 19:40:00','no'),(109,'ALMERIA','Electrodomesticos Romera','','Electrodomésticos','Av. Carlos Iii, 387, 04720, Aguadulce, (Almeria)','','https://www.citiservi.es/','','Reparación de electrodoméstico','no','no','https://www.citiservi.es/almeria/electrodomesticos-romera-aguadulce__10230740_2036.html','','','2020-01-15 19:40:00','no'),(110,'ALMERIA','Hermanos padilla almeria s.l.','','Electrodomésticos','Calle Almendro 19 Pj.cepa, 04230, Callejones-San Silvestre, (Almeria)','','https://www.citiservi.es/','','Reparación de electrodoméstico','no','no','https://www.citiservi.es/almeria/hermanos-padilla-almeria-callejones-san-silvestre__696129_19273.html','','','2020-01-15 19:40:00','no'),(111,'ALMERIA','Reparaciones imiza, s.l.','','Electrodomésticos','Calle Empedrada 8 Bj, 04240, Viator, (Almeria)','','https://www.citiservi.es/','','Reparación de electrodoméstico','no','no','https://www.citiservi.es/almeria/reparaciones-imiza-viator__681799_566.html','','','2020-01-15 19:40:00','no'),(112,'ALMERIA','Reparaciones Frigoríficas del Poniente  ( polígono industrial la redonda )','','Electrodomésticos','Polígono Industrial la Redonda 0, 04700, El Ejido, (Almeria)','','https://www.citiservi.es/','','Reparación de electrodoméstico','no','no','https://www.citiservi.es/almeria/reparaciones-frigorificas-del-poniente-el-ejido__2476618_516.html','','','2020-01-15 19:40:00','no'),(113,'ALMERIA','Sánchez y López Electrodomésticos','','Electrodomésticos','Avenida José Barrionuevo Peña 34, 04760, Berja, (Almeria)','','https://www.citiservi.es/','','Reparación de electrodoméstico','no','no','https://www.citiservi.es/almeria/sanchez-y-lopez-electrodomesticos-berja__2476619_1607.html','','','2020-01-15 19:40:00','no'),(114,'ALMERIA','Comercial alcazaba c.b.','','Electrodomésticos','Calle san anton 20, 04002, Almería, (Almeria)','','https://www.citiservi.es/','','Reparación de electrodoméstico','no','no','https://www.citiservi.es/almeria/comercial-alcazaba-c-b-almeria__446741_24.html','','','2020-01-15 19:40:01','no'),(115,'ALMERIA','Almireya s. coop and','','Electrodomésticos','Calle Rio Grande 10, 04009, Almería, (Almeria)','','https://www.citiservi.es/','','Reparación de electrodoméstico','no','no','https://www.citiservi.es/almeria/almireya-s-coop-and-almeria__695608_24.html','','','2020-01-15 19:40:01','no'),(116,'ALMERIA','Cruz y latorre central de servicios s.l.','','Electrodomésticos','Calle Universidad De Texas S/n, 04005, Almería, (Almeria)','','https://www.citiservi.es/','','Reparación de electrodoméstico','no','no','https://www.citiservi.es/almeria/cruz-y-latorre-central-de-servicios-almeria__695961_24.html','','','2020-01-15 19:40:01','no'),(117,'ALMERIA','Servicio asistencia tecnica pertusa s.l.','','Electrodomésticos','Calle Ubeda 30, 04007, Almería, (Almeria)','','https://www.citiservi.es/','','Reparación de electrodoméstico','no','no','https://www.citiservi.es/almeria/servicio-asistencia-tecnica-pertusa-almeria__696250_24.html','','','2020-01-15 19:40:01','no'),(118,'ALMERIA','Electronica cuadrisur s.l.','','Electrodomésticos','Calzada Castro 18, 04006, Almería, (Almeria)','','https://www.citiservi.es/','','Reparación de electrodoméstico','no','no','https://www.citiservi.es/almeria/electronica-cuadrisur-almeria__863076_24.html','','','2020-01-15 19:40:01','no'),(119,'ALMERIA','25 Horas','','Electrodomésticos','Calle Desvio Distante 0, 04001, Almería, (Almeria)','','https://www.citiservi.es/','','Reparación de electrodoméstico','no','no','https://www.citiservi.es/almeria/25-horas-almeria__2876169_24.html','','','2020-01-15 19:40:01','no'),(120,'ALMERIA','Cerrajería 25 Horas','','Electrodomésticos','Calle Desvio Distante 0, 04001, Almería, (Almeria)','','https://www.citiservi.es/','','Reparación de electrodoméstico','no','no','https://www.citiservi.es/almeria/cerrajeria-25-horas-almeria__2876185_24.html','','','2020-01-15 19:40:01','no'),(121,'ALMERIA','Manuel Díaz Salvador','','Electrodomésticos','Calle Hermanos Pinzón 66, 04005, Almería, (Almeria)','','https://www.citiservi.es/','','Reparación de electrodoméstico','no','no','https://www.citiservi.es/almeria/manuel-diaz-salvador-almeria__2876229_24.html','','','2020-01-15 19:40:01','no'),(122,'ALMERIA','Electrónica López','','Electrodomésticos','Calle San Juan Bosco 111, 04005, Almería, (Almeria)','','https://www.citiservi.es/','','Reparación de electrodoméstico','no','no','https://www.citiservi.es/almeria/electronica-lopez-almeria__2937985_24.html','','','2020-01-15 19:40:02','no'),(123,'ALMERIA','Francisco jose sanchez oña','','Electrodomésticos','Antonio gonzález vizcaíno, 16, 04006, Almería, (Almeria)','','https://www.citiservi.es/','','Reparación de electrodoméstico','no','no','https://www.citiservi.es/almeria/francisco-jose-sanchez-ona-almeria__10391789_24.html','','','2020-01-15 19:40:02','no'),(124,'ALMERIA','Soluciones jofer S.L.','','Electrodomésticos','Pi y margall, 2, 04003, Almería, (Almeria)','','https://www.citiservi.es/','','Reparación de electrodoméstico','no','no','https://www.citiservi.es/almeria/soluciones-jofer-s-l-almeria__10559116_24.html','','','2020-01-15 19:40:02','no'),(125,'ALMERIA','Antonio Conchillo','','Electrodomésticos','Travesia San Luis Nº 106, 04009, Almería, (Almeria)','','https://www.citiservi.es/','','Reparación eléctrica','no','no','https://www.citiservi.es/almeria/antonio-conchillo-almeria__11196135_24.html','','','2020-01-15 19:40:02','no'),(126,'ALMERIA','Rediicon','','Electrodomésticos','Carretera ronda 139, 04006, Almería, (Almeria)','','https://www.citiservi.es/','','Servicio Técnico','no','no','https://www.citiservi.es/almeria/rediicon-almeria__449450_24.html','','','2020-01-15 19:40:02','no'),(127,'ALMERIA','Indatronic s.l.','','Electrodomésticos','Calle manuel azaña 137, 04006, Almería, (Almeria)','','https://www.citiservi.es/','','Servicio Técnico','no','no','https://www.citiservi.es/almeria/indatronic-almeria__696140_24.html','','','2020-01-15 19:40:02','no'),(129,'ALMERIA','Electro Medina (Santa Cristina, 20)','','Electrodomésticos','Santa Cristina, 20, 04700, El Ejido, (Almeria)','','https://www.citiservi.es/','','Reparación de electrodoméstico','no','no','https://www.citiservi.es/almeria/electro-medina-santa-cristina-20-el-ejido__10230732_516.html','','','2020-01-15 19:40:03','no'),(130,'ALMERIA','Camacho motor s.l.','','Electrodomésticos','Carretera Almeria Murcia, 04600, Huércal-Overa, (Almeria)','','https://www.citiservi.es/','','Reparación de electrodoméstico','no','no','https://www.citiservi.es/almeria/camacho-motor-huercal-overa__856925_2095.html','','','2020-01-15 19:40:03','no'),(131,'ALMERIA','Electronica carmelo, s.l.','','Electrodomésticos','Lugar urbanizacion costa fleming 4, 04600, Huércal-Overa, (Almeria)','','https://www.citiservi.es/','','Reparación de electrodoméstico','no','no','https://www.citiservi.es/almeria/electronica-carmelo-huercal-overa__318380_2095.html','','','2020-01-15 19:40:03','no'),(132,'ALMERIA','Electromecanica arboleas s.l.l.','','Electrodomésticos','Poligono industrial los llanos s/n, 04660, Arboleas, (Almeria)','','https://www.citiservi.es/','','Reparación de electrodoméstico','no','no','https://www.citiservi.es/almeria/electromecanica-arboleas-s-l-l-arboleas__318421_2722.html','','','2020-01-15 19:40:03','no'),(133,'ALMERIA','Sonisur s.c.','','Electrodomésticos','Avenida Carlos Iii 39, 04740, Roquetas de Mar, (Almeria)','','https://www.citiservi.es/','','Reparación de electrodoméstico','no','no','https://www.citiservi.es/almeria/sonisur-roquetas-de-mar__611347_315.html','','','2020-01-15 19:40:03','no'),(134,'ALMERIA','Canorus s.l.','','Electrodomésticos','Calle Hornos S/n, 04838, María, (Almeria)','','https://www.citiservi.es/','','Reparación de electrodoméstico','no','no','https://www.citiservi.es/almeria/canorus-maria__631455_22904.html','','','2020-01-15 19:40:03','no'),(135,'ALMERIA','Estacion de servicio el solanillo s.l.','','Electrodomésticos','Plaza Solanillo 95, 04740, Urbanización Roquetas de Mar, (Almeria)','','https://www.citiservi.es/','','Reparación de electrodoméstico','no','no','https://www.citiservi.es/almeria/estacion-de-servicio-el-solanillo-urbanizacion-roquetas-de-mar__641085_2766.html','','','2020-01-15 19:40:03','no'),(136,'ALMERIA','Talleres pedro salmeron s.l.','','Electrodomésticos','Calle Mosaico 5, 04700, El Ejido, (Almeria)','','https://www.citiservi.es/','','Reparación de electrodoméstico','no','no','https://www.citiservi.es/almeria/talleres-pedro-salmeron-el-ejido__696146_516.html','','','2020-01-15 19:40:03','no'),(137,'ALMERIA','Ditel electronica, sdad.coop.and.','','Electrodomésticos','Avenida Valencia S/n, 04738, La Gangosa, (Almeria)','','https://www.citiservi.es/','','Reparación de electrodoméstico','no','no','https://www.citiservi.es/almeria/ditel-electronica-sdad-coop-and-la-gangosa__696375_517.html','','','2020-01-15 19:40:03','no'),(138,'ALMERIA','Taller chapa y pintura auto san agustin sl.','','Electrodomésticos','Calle Diagonal 8 San Agustin, 04717, San Agustín, (Almeria)','','https://www.citiservi.es/','','Reparación de electrodoméstico','no','no','https://www.citiservi.es/almeria/taller-chapa-y-pintura-auto-san-agustin-san-agustin__853408_19054.html','','','2020-01-15 19:40:03','no'),(139,'ALMERIA','Servicio tecnico ponce sociedad limitada.','','Electrodomésticos','Calle Tenis 1, 04630, Garrucha, (Almeria)','','https://www.citiservi.es/','','Reparación de electrodoméstico','no','no','https://www.citiservi.es/almeria/servicio-tecnico-ponce-sociedad-limitada-garrucha__863101_875.html','','','2020-01-15 19:40:03','no'),(140,'ALMERIA','Gruas alboran s.l.','','Electrodomésticos','Calle Jupiter 21, 04230, La Fuensanta - Villa Inés, (Almeria)','','https://www.citiservi.es/','','Reparación de electrodoméstico','no','no','https://www.citiservi.es/almeria/gruas-alboran-fuensanta-villa-ines__863206_19205.html','','','2020-01-15 19:40:03','no'),(141,'ALMERIA','Baeva motor s.l.','','Electrodomésticos','Avenida Almanzora S/n, 04860, Olula del Río, (Almeria)','','https://www.citiservi.es/','','Reparación de electrodoméstico','no','no','https://www.citiservi.es/almeria/baeva-motor-olula-del-rio__863272_1594.html','','','2020-01-15 19:40:04','no'),(142,'ALMERIA','Talleres parrilla s.l.','','Electrodomésticos','Carretera Puente Rio 49, 04770, Adra, (Almeria)','','https://www.citiservi.es/','','Reparación de electrodoméstico','no','no','https://www.citiservi.es/almeria/talleres-parrilla-adra__863295_567.html','','','2020-01-15 19:40:04','no'),(143,'ALMERIA','Hermanos navarro','','Electrodomésticos','Avenida Constitucion S/n, 04117, San Isidro de Níjar, (Almeria)','','https://www.citiservi.es/','','Reparación de electrodoméstico','no','no','https://www.citiservi.es/almeria/san-isidro-motor-san-isidro-de-nijar__892694_23.html','','','2020-01-15 19:40:04','no'),(144,'ALMERIA','Instal kit nicogal s.l.','','Electrodomésticos','Avenida Carlos Iii 129, 04740, Roquetas de Mar, (Almeria)','','https://www.citiservi.es/','','Reparación de electrodoméstico','no','no','https://www.citiservi.es/almeria/instal-kit-nicogal-roquetas-de-mar__892717_315.html','','','2020-01-15 19:40:04','no'),(145,'ALMERIA','Recargas telefonia movil s.l.','','Electrodomésticos','Avenida Baleares 87, 04738, Las Cabañuelas, (Almeria)','','https://www.citiservi.es/','','Reparación de electrodoméstico','no','no','https://www.citiservi.es/almeria/recargas-telefonia-movil-cabanuelas__901127_18757.html','','','2020-01-15 19:40:04','no'),(146,'ALMERIA','Taller mecanico almanzora s. l. l. ( carretera cuevas del almanzora vera )','','Electrodomésticos','Carretera Cuevas Del Almanzora Vera S/n, 04610, Cuevas del Almanzora, (Almeria)','','https://www.citiservi.es/','','Reparación de electrodoméstico','no','no','https://www.citiservi.es/almeria/taller-mecanico-almanzora-s-l-l-cuevas-del-almanzora__975389_318.html','','','2020-01-15 19:40:04','no'),(147,'ALMERIA','Protosol ecoenergy systems sociedad limitada','','Electrodomésticos','Avenida Rey Juan Carlos I 107, 04740, Roquetas de Mar, (Almeria)','','https://www.citiservi.es/','','Reparación de electrodoméstico','no','no','https://www.citiservi.es/almeria/protosol-ecoenergy-systems-sociedad-limitada-roquetas-de-mar__1055443_315.html','','','2020-01-15 19:40:04','no'),(148,'ALMERIA','Electrónica Salazar','','Electrodomésticos','Calle Joan Miro 0, 04140, Carboneras, (Almeria)','','https://www.citiservi.es/','','Reparación de electrodoméstico','no','no','https://www.citiservi.es/almeria/electronica-salazar-carboneras__2476516_1333.html','','','2020-01-15 19:40:04','no'),(149,'ALMERIA','Pedro   Giménez Morata','','Electrodomésticos','Calle Príncipe 7, 04610, Cuevas del Almanzora, (Almeria)','','https://www.citiservi.es/','','Reparación de electrodoméstico','no','no','https://www.citiservi.es/almeria/pedro-gimenez-morata-cuevas-del-almanzora__2476517_318.html','','','2020-01-15 19:40:04','no'),(150,'ALMERIA','Manuel   Cruz Vera','','Electrodomésticos','Calle 28 de Febrero 91, 04760, Berja, (Almeria)','','https://www.citiservi.es/','','Reparación de electrodoméstico','no','no','https://www.citiservi.es/almeria/manuel-cruz-vera-berja__2476518_1607.html','','','2020-01-15 19:40:04','no'),(151,'ALMERIA','Servicio Técnico Ponce','','Electrodomésticos','Carretera N - 332 0, 04610, Cuevas del Almanzora, (Almeria)','','https://www.citiservi.es/','','Reparación de electrodoméstico','no','no','https://www.citiservi.es/almeria/servicio-tecnico-ponce-cuevas-del-almanzora__2476616_318.html','','','2020-01-15 19:40:04','no'),(152,'ALMERIA','Juan Carlos Durán Padilla','','Electrodomésticos','Calle Azahar 26, 04240, Viator, (Almeria)','','https://www.citiservi.es/','','Reparación de electrodoméstico','no','no','https://www.citiservi.es/almeria/juan-carlos-duran-padilla-viator__2476803_566.html','','','2020-01-15 19:40:04','no'),(153,'ALMERIA','Electrónica Aguilera','','Electrodomésticos','Calle Sevilla 57, 04700, El Ejido, (Almeria)','','https://www.citiservi.es/','','Reparación de electrodoméstico','no','no','https://www.citiservi.es/almeria/electronica-aguilera-el-ejido__2844461_516.html','','','2020-01-15 19:40:04','no'),(154,'ALMERIA','Jose ruiz garcia','','Electrodomésticos','Alcalde pérez arriaga, 12, 04880, Tíjola, (Almeria)','','https://www.citiservi.es/','','Reparación de electrodoméstico','no','no','https://www.citiservi.es/almeria/jose-ruiz-garcia-tijola__10391787_2877.html','','','2020-01-15 19:40:05','no'),(155,'ALMERIA','Electrosur','','Electrodomésticos','Pl. Géminis, 1, 04720, Aguadulce, (Almeria)','','https://www.citiservi.es/','','Reparación de electrodoméstico','no','no','https://www.citiservi.es/almeria/electrosur-aguadulce__10391798_2036.html','','','2020-01-15 19:40:05','no'),(156,'ALMERIA','Fermin robles martin','','Electrodomésticos','Mozart, 155, 04700, El Ejido, (Almeria)','','https://www.citiservi.es/','','Reparación de electrodoméstico','no','no','https://www.citiservi.es/almeria/fermin-robles-martin-el-ejido__10760262_516.html','','','2020-01-15 19:40:05','no'),(157,'ALMERIA','J. Oliva Instalaciones Electricas, S.L.','','Electrodomésticos','Avd Santos Martires  24, 04510, Abla, (Almeria)','','https://www.citiservi.es/','','Tiendas de electrodomésticos','no','no','https://www.citiservi.es/almeria/j-oliva-instalaciones-electricas-s-l-abla__11193454_4049.html','','','2020-01-15 19:40:05','no'),(158,'ALMERIA','Veratronic','','Electrodomésticos','Urb. Verasol, 3, 04620, Vera, (Almeria)','','https://www.citiservi.es/','','Reparación electrónica','no','no','https://www.citiservi.es/almeria/veratronic-vera__10850191_621.html','','','2020-01-15 19:40:05','no'),(159,'ALMERIA','Nbah Systems Soluciones','','Electrodomésticos','Camino de los Parrales, 04720, Roquetas de Mar, (Almeria)','','https://www.citiservi.es/','','Asistencia técnica informática','no','no','https://www.citiservi.es/almeria/nbah-systems-soluciones-roquetas-de-mar__11197057_315.html','','','2020-01-15 19:40:05','no'),(161,'MURCIA','Olaf Brandt','','Electrodomésticos','Camino de los liebros, 13, Panel 21, Buzón 18, 30183, Lorca, (Murcia)','','https://www.citiservi.es/','','Asistencia técnica','no','no','https://www.citiservi.es/murcia/olaf-brandt-lorca__10304673_172.html','','','2020-01-15 19:40:05','no');
/*!40000 ALTER TABLE `empresa` ENABLE KEYS */;
UNLOCK TABLES;

--
-- Table structure for table `mensaje`
--

DROP TABLE IF EXISTS `mensaje`;
/*!40101 SET @saved_cs_client     = @@character_set_client */;
/*!50503 SET character_set_client = utf8mb4 */;
CREATE TABLE `mensaje` (
  `idMensaje` int(10) unsigned NOT NULL AUTO_INCREMENT,
  `idEmpresa` int(10) unsigned DEFAULT NULL,
  `fechaHora` datetime DEFAULT NULL,
  `mensaje` varchar(1000) COLLATE utf8mb4_unicode_ci DEFAULT NULL,
  `encargadoLLamar` varchar(45) COLLATE utf8mb4_unicode_ci DEFAULT NULL,
  PRIMARY KEY (`idMensaje`),
  UNIQUE KEY `idContestacion_UNIQUE` (`idMensaje`),
  KEY `idEmpresa_idContestacion_idx` (`idEmpresa`),
  CONSTRAINT `FK_idEmpresa_mensaje` FOREIGN KEY (`idEmpresa`) REFERENCES `empresa` (`idEmpresa`) ON DELETE CASCADE
) ENGINE=InnoDB AUTO_INCREMENT=78 DEFAULT CHARSET=utf8mb4 COLLATE=utf8mb4_unicode_ci;
/*!40101 SET character_set_client = @saved_cs_client */;

--
-- Dumping data for table `mensaje`
--

LOCK TABLES `mensaje` WRITE;
/*!40000 ALTER TABLE `mensaje` DISABLE KEYS */;
INSERT INTO `mensaje` VALUES (75,1,'2020-03-02 01:22:36','hhhh','a');
/*!40000 ALTER TABLE `mensaje` ENABLE KEYS */;
UNLOCK TABLES;

--
-- Table structure for table `telefono`
--

DROP TABLE IF EXISTS `telefono`;
/*!40101 SET @saved_cs_client     = @@character_set_client */;
/*!50503 SET character_set_client = utf8mb4 */;
CREATE TABLE `telefono` (
  `idTelefono` int(10) unsigned NOT NULL AUTO_INCREMENT,
  `idEmpresa` int(10) unsigned DEFAULT NULL,
  `localidad` varchar(100) COLLATE utf8mb4_unicode_ci DEFAULT NULL,
  `telefono` varchar(45) COLLATE utf8mb4_unicode_ci DEFAULT NULL,
  PRIMARY KEY (`idTelefono`),
  UNIQUE KEY `idLocal_UNIQUE` (`idTelefono`),
  KEY `idEmpresa_idLocal_idx` (`idEmpresa`),
  CONSTRAINT `FK_idEmpresa_telefono` FOREIGN KEY (`idEmpresa`) REFERENCES `empresa` (`idEmpresa`) ON DELETE CASCADE
) ENGINE=InnoDB AUTO_INCREMENT=175 DEFAULT CHARSET=utf8mb4 COLLATE=utf8mb4_unicode_ci;
/*!40101 SET character_set_client = @saved_cs_client */;

--
-- Dumping data for table `telefono`
--

LOCK TABLES `telefono` WRITE;
/*!40000 ALTER TABLE `telefono` DISABLE KEYS */;
INSERT INTO `telefono` VALUES (1,1,'ALMERIA','600456033'),(3,3,'ALMERIA','640010623'),(4,4,'ALMERIA','667446446'),(5,5,'ALMERIA','662606607'),(6,6,'ALMERIA','683222805'),(7,7,'ALMERIA','659886670'),(8,8,'ALMERIA','628360668'),(9,9,'ALMERIA','628360873'),(10,10,'ALMERIA','640010662'),(11,11,'ALMERIA','628360817'),(12,12,'ALMERIA','628360672'),(13,13,'ALMERIA','640010649'),(14,14,'ALMERIA','660023051'),(15,15,'PELIGROS','958651019'),(16,16,'ALMERIA','950271156'),(17,17,'ROQUETAS DE MAR','950322337'),(18,18,'ALMERIA','692733712'),(19,19,'ALMERIA','950235989'),(20,20,'ALMERIA','607674000'),(21,21,'ALMERIA','642570327'),(22,22,'ALMERIA','950265286'),(23,23,'ALMERIA','950271921'),(24,17,'ALMERIA','950235282'),(25,24,'ALMERIA','607740048'),(26,25,'ALMERIA','672551395'),(27,26,'ALMERIA','950651922'),(28,27,'ALMERIA','950266648'),(29,28,'ALMERIA','950253465'),(30,29,'ALMERIA','950270201'),(31,30,'ALMERIA','950265000'),(32,31,'ALMERIA','650963562'),(33,32,'ALMERIA','639911626'),(34,33,'ALMERIA','662265490'),(35,34,'ALMERIA','950273443'),(36,17,'ALMERIA','625344952'),(37,35,'ALMERIA','950281028'),(38,36,'ALMERIA','665780713'),(39,37,'ALMERIA','679342369'),(40,38,'ALMERIA','950253905'),(41,39,'GRANADA','958277457'),(42,40,'ALMERIA','687168005'),(43,41,'ROQUETAS DE MAR','634893890'),(44,42,'ALMERIA','659444692'),(45,43,'CAMPOHERMOSO, NIJAR','634307623'),(46,44,'ALMERIA','950270643'),(47,45,'DALIAS','950494095'),(48,46,'EL EJIDO','950573987'),(49,47,'ALMERIA','950149962'),(50,48,'EL ALQUIAN, ALMERIA','605061574'),(51,49,'ALMERIA','636841354'),(52,50,'ALMERIA','686433348'),(53,51,'ALCAUDIQUE, BERJA','950490471'),(54,52,'GARRUCHA','950617181'),(55,53,'ALMERIA','950223134'),(56,17,'ALMERIA','950261646'),(57,54,'ALMERIA','950083271'),(58,55,'MACAEL','950445529'),(59,56,'ALMERIA','667622701'),(60,57,'ALMERIMAR, EL EJIDO (ALMERIA)','950482346'),(61,58,'CUEVAS DEL ALMANZORA','950456544'),(62,59,'ALMERIA','950226370'),(63,60,'ALMERIA','950273957'),(64,61,'LA CAÑADA DE SAN URBANO, ALMERIA','950292412'),(65,62,'ALMERIA','950082048'),(66,63,'ALMERIA','950227654'),(67,64,'ALMERIA','950236133'),(68,65,'ALMERIMAR, EL EJIDO','950497889'),(69,66,'EL EJIDO','950570050'),(70,67,'ALMERIA','950622222'),(71,68,'EL EJIDO','950487814'),(72,69,'ADRA','950401757'),(73,70,'ADRA','950402701'),(74,71,'ALMERIA','950229808'),(75,72,'HUERCAL (ALMERIA)','950149693'),(76,73,'ALMERIA','950264882'),(77,74,'VERA','950391904'),(78,75,'ALMERIA','950142666'),(79,76,'ALMERIA','950144714'),(80,77,'MACAEL','950126318'),(81,78,'EL EJIDO','950573589'),(82,79,'ALMERIA','629677638'),(83,20,'LA JUAIDA, VIATOR (ALMERIA)','950305016'),(84,80,'ALMERIA','950621685'),(85,81,'ADRA','950402890'),(86,16,'ALMERIAALTAMIRA, 55 - LOCAL  ALMERIA','950271156'),(87,82,'ALMERIA','950238808'),(88,83,'ALMERIA','950254235'),(89,84,'ALMERIA','950230684'),(90,85,'ALMERIA','950088885'),(91,86,'ALMERIA','664836045'),(92,87,'ALMERIA','628244791'),(93,88,'ALMERIA','950271892'),(94,89,'ALMERIA','950151235'),(95,90,'ALMERIA','950254227'),(96,91,'ALMERIA','950238353'),(97,92,'ALMERIA','950261629'),(98,93,'ALMERIA','950206521'),(99,94,'ALMERIA','950150260'),(100,95,'ALMERIA','950150424'),(101,96,'ALMERIA','950150780'),(102,97,'ALMERIA','950150281'),(103,98,'ALMERIA','950206233'),(104,99,'ALMERIA','950270180'),(105,100,'ALMERIA','950206672'),(106,101,'ALMERIA','950150067'),(107,102,'ALMERIA','950150772'),(108,103,'ALMERIA','950206715'),(109,104,'ALMERIA','950150196'),(110,105,'ALMERIA','950150443'),(111,106,'ALMERIA','950150798'),(112,107,'ALMERIA','950206522'),(113,108,'ALMERIA','950150511'),(114,109,'AGUADULCE','634464669'),(115,110,'CALLEJONES-SAN SILVESTRE','950851518'),(116,111,'VIATOR','950255957'),(117,57,'EL EJIDO','950482346'),(118,112,'EL EJIDO','950580494'),(119,113,'BERJA','950491298'),(120,43,'CAMPOHERMOSO','634307623'),(121,41,'COSTACABANA','634893890'),(122,114,'ALMERIA','950258329'),(123,115,'ALMERIA','950251488'),(124,116,'ALMERIA','950224300'),(125,117,'ALMERIA','950257262'),(126,118,'ALMERIA','950620385'),(127,119,'ALMERIA','950151236'),(128,120,'ALMERIA','950251584'),(129,121,'ALMERIA','950230544'),(130,122,'ALMERIA','950254793'),(131,123,'ALMERIA','659822833'),(132,72,'ALMERIA','686939355'),(133,124,'ALMERIA','950267507'),(134,125,'ALMERIA','610457322'),(135,126,'ALMERIA','950087293'),(136,127,'ALMERIA','950228142'),(138,129,'EL EJIDO','676667120'),(139,130,'HUERCAL-OVERA','950134586'),(140,131,'HUERCAL-OVERA','950470751'),(141,132,'ARBOLEAS','950431798'),(142,133,'ROQUETAS DE MAR','950341780'),(143,134,'MARIA','950417253'),(144,135,'URBANIZACION ROQUETAS DE MAR','950336544'),(145,136,'EL EJIDO','950482055'),(146,137,'LA GANGOSA','950345552'),(147,138,'SAN AGUSTIN','950536064'),(148,139,'GARRUCHA','950132837'),(149,140,'LA FUENSANTA - VILLA INES','950145016'),(150,141,'OLULA DEL RIO','950441513'),(151,142,'ADRA','950568724'),(152,143,'SAN ISIDRO DE NIJAR','950369829'),(153,144,'ROQUETAS DE MAR','950349844'),(154,145,'LAS CABAÑUELAS','950555458'),(155,146,'CUEVAS DEL ALMANZORA','950458232'),(156,147,'ROQUETAS DE MAR','950323641'),(157,148,'CARBONERAS','950130821'),(158,149,'CUEVAS DEL ALMANZORA','950456253'),(159,150,'BERJA','950491091'),(160,51,'BERJA','950490471'),(161,151,'CUEVAS DEL ALMANZORA','950456753'),(162,152,'VIATOR','950306531'),(163,153,'EL EJIDO','950485808'),(164,154,'TIJOLA','950067001'),(165,155,'AGUADULCE','635560234'),(166,65,'EL EJIDO','950497889'),(167,156,'EL EJIDO','695059170'),(168,157,'ABLA','950351380'),(169,158,'VERA','950391031'),(170,159,'ROQUETAS DE MAR','657860319'),(172,161,'LORCA','968482505'),(173,20,'VIATOR','950228704'),(174,2,'ALMERIA','609542400');
/*!40000 ALTER TABLE `telefono` ENABLE KEYS */;
UNLOCK TABLES;

--
-- Table structure for table `usuario`
--

DROP TABLE IF EXISTS `usuario`;
/*!40101 SET @saved_cs_client     = @@character_set_client */;
/*!50503 SET character_set_client = utf8mb4 */;
CREATE TABLE `usuario` (
  `id` int(10) unsigned NOT NULL AUTO_INCREMENT,
  `nombre` varchar(200) COLLATE utf8mb4_unicode_ci NOT NULL,
  `email` varchar(200) COLLATE utf8mb4_unicode_ci NOT NULL,
  `password` varchar(200) COLLATE utf8mb4_unicode_ci NOT NULL,
  `token` varchar(1000) COLLATE utf8mb4_unicode_ci NOT NULL,
  PRIMARY KEY (`id`),
  UNIQUE KEY `id` (`id`),
  UNIQUE KEY `email` (`email`)
) ENGINE=InnoDB AUTO_INCREMENT=146 DEFAULT CHARSET=utf8mb4 COLLATE=utf8mb4_unicode_ci;
/*!40101 SET character_set_client = @saved_cs_client */;

--
-- Dumping data for table `usuario`
--

LOCK TABLES `usuario` WRITE;
/*!40000 ALTER TABLE `usuario` DISABLE KEYS */;
INSERT INTO `usuario` VALUES (34,'aaaabbbbbc','jeffersonmax@gmail.com','a','eyJ0eXAiOiJKV1QiLCJhbGciOiJIUzI1NiJ9.eyJpZCI6IjM0IiwiZW1haWwiOiJqZWZmZXJzb25tYXhAZ21haWwuY29tMTQifQ.TArgxjtwzYaM1DypdG91qefStzmL90x24osSmbLuvJc'),(36,'jefferson','jeffersonmax@gmail.com115','a','eyJ0eXAiOiJKV1QiLCJhbGciOiJIUzI1NiJ9.eyJpZCI6IjM2IiwiZW1haWwiOiJqZWZmZXJzb25tYXhAZ21haWwuY29tMTE1In0.5ZCf8t5YjRDGMe6D4DcomDoZAdyv4ZO2N62atIRGG20'),(80,'','a','a','eyJ0eXAiOiJKV1QiLCJhbGciOiJIUzI1NiJ9.eyJpZCI6IjgwIiwiZW1haWwiOiJhIn0.R77NyQE3NYC5nFl17O7wwIEr7QSUzp4Q1U1uiOzJQ78'),(121,'','adri','adri',''),(144,'','i','i','');
/*!40000 ALTER TABLE `usuario` ENABLE KEYS */;
UNLOCK TABLES;
/*!40103 SET TIME_ZONE=@OLD_TIME_ZONE */;

/*!40101 SET SQL_MODE=@OLD_SQL_MODE */;
/*!40014 SET FOREIGN_KEY_CHECKS=@OLD_FOREIGN_KEY_CHECKS */;
/*!40014 SET UNIQUE_CHECKS=@OLD_UNIQUE_CHECKS */;
/*!40101 SET CHARACTER_SET_CLIENT=@OLD_CHARACTER_SET_CLIENT */;
/*!40101 SET CHARACTER_SET_RESULTS=@OLD_CHARACTER_SET_RESULTS */;
/*!40101 SET COLLATION_CONNECTION=@OLD_COLLATION_CONNECTION */;
/*!40111 SET SQL_NOTES=@OLD_SQL_NOTES */;

-- Dump completed on 2020-03-03 16:24:30
